start_time,end_time,win_point_player,win_reason,ball_types,lose_reason,roundscore_A,roundscore_B
07:00,07:22,Ratchanok Intanon,opponent goes out of bounds,lob,goes out of bounds,0,1
07:32,07:49,An Se Young,opponent hits the net,push,hits the net,1,1
08:04,08:22,Ratchanok Intanon,wins by landing,smash,opponent wins by landing,1,2
08:24,08:29,Ratchanok Intanon,opponent hits the net,smash,hits the net,1,3
,,,,,,,
,,,,,,,
,,,,,,,
,,,,,,,
,,,,,,,
,,,,,,,
,,,,,,,
,,,,,,,
,,,,,,,
,,,,,,,
,,,,,,,
,,,,,,,
,,,,,,,
,,,,,,,
,,,,,,,
,,,,,,,
,,,,,,,
,,,,,,,
,,,,,,,
,,,,,,,
,,,,,,,
,,,,,,,
,,,,,,,
,,,,,,,
,,,,,,,
,,,,,,,
,,,,,,,
,,,,,,,
,,,,,,,
,,,,,,,
,,,,,,,
,,,,,,,
,,,,,,,
,,,,,,,
,,,,,,,
,,,,,,,
,,,,,,,
,,,,,,,
